{"solve_create_0": 0.5555555555555555, "solve_create_1": 0.7777777777777777, "solve_create_10": 1.0, "solve_create_100": 1.0, "solve_create_101": 0.8333333333333334, "solve_create_102": 1.0, "solve_create_103": 0.7777777777777777, "solve_create_104": 0.6666666666666666, "solve_create_105": 0.5555555555555555, "solve_create_106": 0.3333333333333333, "solve_create_107": 0.8333333333333334, "solve_create_108": 1.0, "solve_create_109": 1.0, "solve_create_11": 1.0, "solve_create_110": 0.5555555555555555, "solve_create_111": 0.1111111111111111, "solve_create_112": 0.5, "solve_create_113": 0.8333333333333334, "solve_create_114": 1.0, "solve_create_115": 1.0, "solve_create_116": 0.6666666666666666, "solve_create_117": 0.5, "solve_create_118": 1.0, "solve_create_119": 1.0, "solve_create_12": 0.8333333333333334, "solve_create_120": 0.8333333333333334, "solve_create_121": 0.5555555555555555, "solve_create_122": 0.7777777777777777, "solve_create_123": 1.0, "solve_create_124": 1.0, "solve_create_125": 1.0, "solve_create_126": 0.5555555555555555, "solve_create_127": 1.0, "solve_create_128": 1.0, "solve_create_129": 1.0, "solve_create_13": 1.0, "solve_create_130": 1.0, "solve_create_131": 0.7777777777777778, "solve_create_132": 1.0, "solve_create_133": 1.0, "solve_create_134": 1.0, "solve_create_135": 0.7777777777777777, "solve_create_136": 1.0, "solve_create_137": 1.0, "solve_create_138": 0.8333333333333334, "solve_create_139": 0.2222222222222222, "solve_create_14": 0.4444444444444444, "solve_create_140": 0.5555555555555555, "solve_create_141": 0.7777777777777777, "solve_create_142": 1.0, "solve_create_143": 1.0, "solve_create_144": 0.8333333333333334, "solve_create_145": 0.5666666666666667, "solve_create_146": 0.6666666666666666, "solve_create_147": 0.3333333333333333, "solve_create_148": 1.0, "solve_create_149": 1.0, "solve_create_15": 0.3333333333333333, "solve_create_150": 0.7777777777777777, "solve_create_151": 0.5555555555555555, "solve_create_152": 1.0, "solve_create_153": 0.5555555555555555, "solve_create_154": 1.0, "solve_create_155": 1.0, "solve_create_156": 0.7333333333333334, "solve_create_157": 0.6666666666666666, "solve_create_158": 1.0, "solve_create_159": 0.8333333333333334, "solve_create_16": 0.3333333333333333, "solve_create_160": 0.8333333333333334, "solve_create_161": 0.7777777777777777, "solve_create_162": 1.0, "solve_create_163": 1.0, "solve_create_164": 0.5555555555555555, "solve_create_165": 1.0, "solve_create_166": 1.0, "solve_create_167": 1.0, "solve_create_168": 0.6666666666666666, "solve_create_169": 1.0, "solve_create_17": 1.0, "solve_create_170": 0.5, "solve_create_171": 0.6666666666666666, "solve_create_172": 1.0, "solve_create_173": 1.0, "solve_create_174": 0.5, "solve_create_175": 0.5555555555555555, "solve_create_176": 1.0, "solve_create_177": 0.7777777777777777, "solve_create_178": 0.8333333333333334, "solve_create_179": 0.1111111111111111, "solve_create_18": 1.0, "solve_create_180": 1.0, "solve_create_181": 1.0, "solve_create_182": 1.0, "solve_create_183": 1.0, "solve_create_184": 1.0, "solve_create_185": 0.7777777777777778, "solve_create_186": 1.0, "solve_create_187": 1.0, "solve_create_188": 0.5555555555555555, "solve_create_189": 0.7777777777777777, "solve_create_19": 0.5555555555555555, "solve_create_190": 1.0, "solve_create_191": 0.7777777777777777, "solve_create_192": 1.0, "solve_create_193": 1.0, "solve_create_194": 0.7777777777777777, "solve_create_195": 1.0, "solve_create_196": 0.4444444444444444, "solve_create_197": 0.5555555555555555, "solve_create_198": 0.3333333333333333, "solve_create_199": 1.0, "solve_create_2": 0.7777777777777777, "solve_create_20": 1.0, "solve_create_200": 1.0, "solve_create_201": 1.0, "solve_create_202": 0.6666666666666666, "solve_create_203": 0.5555555555555555, "solve_create_204": 1.0, "solve_create_205": 0.5, "solve_create_206": 0.5555555555555555, "solve_create_207": 1.0, "solve_create_208": 1.0, "solve_create_209": 0.3333333333333333, "solve_create_21": 1.0, "solve_create_210": 1.0, "solve_create_211": 1.0, "solve_create_212": 0.4444444444444444, "solve_create_213": 0.3333333333333333, "solve_create_214": 1.0, "solve_create_215": 1.0, "solve_create_216": 0.3333333333333333, "solve_create_217": 0.8333333333333334, "solve_create_218": 1.0, "solve_create_219": 0.7777777777777778, "solve_create_22": 0.3333333333333333, "solve_create_220": 1.0, "solve_create_221": 0.8333333333333334, "solve_create_222": 1.0, "solve_create_223": 0.8333333333333334, "solve_create_224": 1.0, "solve_create_225": 0.6, "solve_create_226": 0.1111111111111111, "solve_create_227": 1.0, "solve_create_228": 0.5, "solve_create_229": 0.8333333333333334, "solve_create_23": 0.5555555555555555, "solve_create_230": 0.20000000000000004, "solve_create_231": 0.4444444444444444, "solve_create_232": 0.7777777777777777, "solve_create_233": 0.8333333333333334, "solve_create_234": 1.0, "solve_create_235": 1.0, "solve_create_236": 1.0, "solve_create_237": 0.4444444444444444, "solve_create_238": 0.7777777777777777, "solve_create_239": 1.0, "solve_create_24": 1.0, "solve_create_240": 1.0, "solve_create_241": 0.7777777777777777, "solve_create_242": 0.5555555555555555, "solve_create_243": 1.0, "solve_create_244": 1.0, "solve_create_245": 1.0, "solve_create_246": 1.0, "solve_create_247": 0.7777777777777778, "solve_create_248": 1.0, "solve_create_249": 0.5555555555555555, "solve_create_25": 0.7777777777777778, "solve_create_250": 1.0, "solve_create_251": 0.8333333333333334, "solve_create_252": 0.7777777777777777, "solve_create_253": 1.0, "solve_create_254": 0.6666666666666666, "solve_create_255": 1.0, "solve_create_256": 0.7777777777777777, "solve_create_257": 1.0, "solve_create_258": 1.0, "solve_create_259": 1.0, "solve_create_26": 0.8333333333333334, "solve_create_260": 0.7777777777777778, "solve_create_261": 1.0, "solve_create_262": 1.0, "solve_create_263": 0.5555555555555555, "solve_create_264": 0.7777777777777778, "solve_create_265": 1.0, "solve_create_266": 1.0, "solve_create_267": 0.6666666666666666, "solve_create_268": 1.0, "solve_create_269": 1.0, "solve_create_27": 0.7777777777777777, "solve_create_270": 1.0, "solve_create_271": 1.0, "solve_create_272": 0.5555555555555555, "solve_create_273": 1.0, "solve_create_274": 0.3333333333333333, "solve_create_275": 1.0, "solve_create_276": 1.0, "solve_create_277": 0.8333333333333334, "solve_create_278": 0.5, "solve_create_279": 1.0, "solve_create_28": 1.0, "solve_create_280": 0.8333333333333334, "solve_create_281": 0.8333333333333334, "solve_create_282": 0.5, "solve_create_283": 0.7777777777777777, "solve_create_284": 1.0, "solve_create_285": 0.1111111111111111, "solve_create_286": 0.2222222222222222, "solve_create_287": 0.6666666666666666, "solve_create_288": 1.0, "solve_create_289": 1.0, "solve_create_29": 0.8333333333333334, "solve_create_290": 0.3333333333333333, "solve_create_291": 0.5555555555555555, "solve_create_292": 1.0, "solve_create_293": 0.6666666666666666, "solve_create_294": 1.0, "solve_create_295": 0.6666666666666666, "solve_create_296": 0.7777777777777778, "solve_create_297": 1.0, "solve_create_298": 1.0, "solve_create_299": 0.5555555555555555, "solve_create_3": 1.0, "solve_create_30": 0.3333333333333333, "solve_create_300": 0.7777777777777777, "solve_create_301": 1.0, "solve_create_302": 0.5555555555555555, "solve_create_303": 1.0, "solve_create_304": 0.7777777777777777, "solve_create_305": 0.8333333333333334, "solve_create_306": 1.0, "solve_create_307": 0.5555555555555555, "solve_create_308": 1.0, "solve_create_309": 0.8333333333333334, "solve_create_31": 0.5555555555555555, "solve_create_310": 0.7777777777777778, "solve_create_311": 1.0, "solve_create_312": 0.3333333333333333, "solve_create_313": 1.0, "solve_create_314": 1.0, "solve_create_315": 0.7777777777777777, "solve_create_316": 0.7777777777777778, "solve_create_317": 1.0, "solve_create_318": 0.5555555555555555, "solve_create_319": 1.0, "solve_create_32": 0.7777777777777777, "solve_create_320": 0.7777777777777777,