{"solve_create_1005": 1.0, "solve_create_1016": 1.0, "solve_create_1042": 0.3333333333333333, "solve_create_1043": 1.0, "solve_create_1049": 1.0, "solve_create_105": 0.3333333333333333, "solve_create_1061": 0.5555555555555555, "solve_create_108": 1.0, "solve_create_1139": 0.7777777777777778, "solve_create_1146": 0.5555555555555555, "solve_create_1194": 0.7777777777777777, "solve_create_1209": 0.7777777777777777, "solve_create_1219": 1.0, "solve_create_1246": 0.5555555555555555, "solve_create_1248": 0.5555555555555555, "solve_create_1251": 1.0, "solve_create_1298": 0.7777777777777777, "solve_create_1326": 0.7777777777777777, "solve_create_1418": 1.0, "solve_create_1420": 0.3333333333333333, "solve_create_1435": 1.0, "solve_create_1445": 1.0, "solve_create_1480": 1.0, "solve_create_1494": 0.6666666666666666, "solve_create_1503": 0.6666666666666666, "solve_create_1515": 1.0, "solve_create_1526": 1.0, "solve_create_1533": 0.4444444444444444, "solve_create_1537": 1.0, "solve_create_1538": 1.0, "solve_create_155": 1.0, "solve_create_1568": 0.7777777777777778, "solve_create_1605": 1.0, "solve_create_1619": 0.3333333333333333, "solve_create_1638": 1.0, "solve_create_1700": 1.0, "solve_create_1711": 1.0, "solve_create_1803": 0.3333333333333333, "solve_create_1868": 0.7777777777777777, "solve_create_1908": 0.3333333333333333, "solve_create_1915": 1.0, "solve_create_199": 0.2222222222222222, "solve_create_1991": 1.0, "solve_create_2058": 1.0, "solve_create_2062": 1.0, "solve_create_2081": 0.5555555555555555, "solve_create_209": 1.0, "solve_create_2115": 0.8333333333333334, "solve_create_2131": 0.7777777777777777, "solve_create_2175": 0.5555555555555555, "solve_create_2180": 1.0, "solve_create_2192": 1.0, "solve_create_2196": 0.6, "solve_create_2201": 0.5, "solve_create_2265": 0.7333333333333334, "solve_create_2269": 0.7777777777777778, "solve_create_2293": 0.5555555555555555, "solve_create_2323": 0.4444444444444444, "solve_create_2347": 1.0, "solve_create_2352": 0.7777777777777778, "solve_create_2371": 1.0, "solve_create_250": 1.0, "solve_create_271": 1.0, "solve_create_285": 1.0, "solve_create_289": 1.0, "solve_create_301": 0.7333333333333334, "solve_create_303": 1.0, "solve_create_364": 1.0, "solve_create_421": 1.0, "solve_create_469": 0.5555555555555555, "solve_create_502": 1.0, "solve_create_565": 1.0, "solve_create_582": 1.0, "solve_create_601": 1.0, "solve_create_658": 1.0, "solve_create_684": 1.0, "solve_create_703": 1.0, "solve_create_723": 0.3333333333333333, "solve_create_730": 0.5555555555555555, "solve_create_773": 1.0, "solve_create_852": 1.0, "solve_create_871": 0.3333333333333333, "solve_create_881": 0.3333333333333333, "solve_create_883": 1.0, "solve_create_9": 1.0, "solve_create_90": 0.3333333333333333, "solve_create_925": 1.0, "solve_create_930": 0.5555555555555555, "solve_create_962": 1.0, "solve_create_977": 1.0, "solve_create_99": 1.0}